Location,Cat_A,Cat_B,Cat_C,Cat_D,Avg_Score,Cluster,Score_Range
Konya Airport,6.87,8.059718228480742,7.95,,7.626572742826913,1,1.189718228480742
Paris Charles De Gaulle,6.67,10.0,9.98,10.0,9.162500000000001,3,3.33
Hohhot Baita,6.71,10.0,0.0,9.38,6.522500000000001,3,10.0
Ngurah Rai,6.76,9.96331188355975,9.98,0.47,6.793327970889938,1,9.51
Manchester,6.49,0.0,9.86,3.39,4.9350000000000005,0,9.86
Warsaw,6.83,0.0,,,3.415,0,6.83
Incheon,6.08,9.638618444531945,9.98,0.23,6.482154611132986,1,9.75
Dubai,6.57,8.819849319184673,9.96,10.0,8.837462329796168,3,3.4299999999999997
Marrakech,6.43,9.978109237014568,9.89,0.0,6.574527309253642,1,9.978109237014568
Tangier,6.6,9.989729518358878,9.84,0.6,6.75743237958972,1,9.389729518358878
DAMMAM,6.77,10.0,9.35,1.75,6.967499999999999,1,8.25
Izmir Airport,6.82,9.624082882997326,9.51,,8.651360960999108,1,2.804082882997326
Chitose,4.94,0.0,9.99,,4.976666666666667,0,9.99
Komatsu,4.76,0.0,0.0,,1.5866666666666667,2,4.76
Osaka - Kansai,6.58,5.081883479516199,9.75,,7.1372944931720665,0,4.668116520483801
Jeddah,6.45,10.0,9.42,,8.623333333333333,1,3.55
Hannover,6.79,0.0,9.94,,5.576666666666667,0,9.94
Changsha Huanghua,6.52,9.448638294849015,9.96,9.76,8.922159573712253,3,3.4400000000000013
Gabon,6.79,0.0,9.95,0.12,4.215,0,9.95
Chengdu Tianfu,6.52,7.524976896202798,0.0,0.13,3.5437442240506996,2,7.524976896202798
Taipei - Taoyuan,5.89,9.970030221692188,9.93,1.75,6.885007555423047,1,8.220030221692188
Lagos,6.83,10.0,9.72,7.8,8.587499999999999,3,3.17
Samana El Catey,6.85,10.0,0.0,,5.616666666666667,2,10.0
Banjul,6.9,0.0,9.86,,5.586666666666666,0,9.86
Casablanca,6.47,9.97367446183398,9.9,0.12,6.615918615458495,1,9.85367446183398
Athens,6.26,10.0,9.8,7.67,8.4325,3,3.74
Santo Domingo Las Americas,6.8,9.644460176964872,9.84,8.55,8.708615044241217,3,3.04
Istanbul Airport,6.79,0.0,9.89,,5.56,0,9.89
Mexico City,6.84,9.870943455145348,9.85,,8.853647818381782,1,3.030943455145348
Faro Airport,6.74,0.0,9.99,,5.576666666666667,0,9.99
Zakynthos,5.44,0.0,9.33,1.14,3.9775,0,9.33
Jeju,6.06,9.73857357314902,10.0,1.25,6.762143393287255,1,8.75
Ouarzazate,6.83,10.0,0.0,10.0,6.7075,3,10.0
RIYADH,6.81,9.99964107742663,9.25,5.55,7.902410269356658,1,4.449641077426631
Weihai Dashuibo,6.75,9.962916170786,0.0,5.7,5.6032290426965,2,9.962916170786
Pisa,6.85,0.0,9.63,10.0,6.62,3,10.0
Bogota,6.84,9.903834942592178,9.81,1.21,6.940958735648046,1,8.69383494259218
Santorini,5.38,0.0,9.02,9.0,5.85,3,9.02
Colombo,6.7,9.999999999999996,0.0,,5.5666666666666655,2,9.999999999999996
Lyon Saint Exupery,6.77,10.0,9.95,4.9,7.904999999999999,1,5.1
Changzhou Benniu,6.91,,0.0,,3.455,2,6.91
Istanbul Asia Airport,6.8,8.498638952749872,10.0,10.0,8.824659738187467,3,3.2
Diyarbakir Airport,6.84,8.533975562171115,9.95,,8.44132518739037,1,3.1099999999999994
Asuncion Silvio Petterossi,6.85,0.0,9.24,,5.363333333333333,0,9.24
Valencia,6.5,0.0,9.89,,5.463333333333334,0,9.89
Erbil International Airport,5.0,0.0,9.74,,4.913333333333333,0,9.74
Alexandoupolis,5.71,0.0,0.0,,1.9033333333333333,2,5.71
Essaouira,6.84,9.985785323847452,0.0,,5.60859510794915,2,9.985785323847452
Oranjestad,6.8,9.154446465949407,9.92,1.97,6.961111616487351,1,7.95
Ibiza,6.46,0.0,9.98,,5.48,0,9.98
Hurgada,6.72,0.0,9.95,0.0,4.1674999999999995,0,9.95
Shenyang Taoxian,6.48,9.887394009788114,9.95,0.02,6.584348502447028,1,9.93
Ho Chi Minh,6.67,0.0,9.96,10.0,6.657500000000001,3,10.0
Reus,6.26,0.0,9.85,,5.37,0,9.85
Wenzhou Longwan,6.55,4.7008795448836445,10.0,0.88,5.532719886220911,1,9.12
Tokyo - Narita,6.55,9.513909961100753,9.94,0.08,6.520977490275188,1,9.86
Agadir,6.43,9.983407241514248,9.92,,8.777802413838083,1,3.5534072415142486
Gdansk,6.81,0.0,9.94,10.0,6.6875,3,10.0
Ixtapa Zihuatanejo,6.86,9.848042865069353,9.16,10.0,8.967010716267339,3,3.1399999999999997
Bournemouth,6.22,0.0,9.97,,5.396666666666667,0,9.97
Gaziantep Airport,6.85,8.920204851154985,9.98,10.0,8.937551212788746,3,3.1500000000000004
Prague,6.07,0.0,9.89,,5.32,0,9.89
Medellin Jose Maria Cordova,5.08,0.0,8.83,,4.636666666666667,0,8.83
Gran Canaria,6.76,0.0,9.95,,5.57,0,9.95
Hong Kong,6.21,9.991764611272654,9.97,,8.723921537090886,1,3.7817646112726537
Leopold Sedar Senghar,6.72,0.0,10.0,1.01,4.4325,0,10.0
Hefei Xinqiao,6.63,6.541016363962926,0.0,8.71,5.470254090990732,2,8.71
Thessaloniki,5.98,0.0,9.58,,5.1866666666666665,0,9.58
Nuernberg,6.86,0.0,9.98,,5.613333333333333,0,9.98
Antalya Airport,6.78,9.68001793959478,10.0,,8.820005979864927,1,3.2199999999999998
Taichung,6.03,9.964350742284717,0.0,,5.331450247428239,2,9.964350742284717
Belo Horizonte,6.85,9.99860876334106,9.81,,8.886202921113687,1,3.148608763341061
Male,5.33,0.0,9.6,,4.976666666666667,0,9.6
Busan - Kimhae,6.02,9.8487988621912,10.0,,8.622932954063733,1,3.9800000000000004
Lanzarote,6.76,0.0,9.96,,5.573333333333333,0,9.96
Tenerife,6.76,0.0,9.8,,5.5200000000000005,0,9.8
Wuxi Shuofang,6.71,10.0,0.0,9.13,6.460000000000001,3,10.0
Hanoi,5.4,0.0,9.93,10.0,6.3325,3,10.0
Zhengzhou Xinzheng,5.65,2.5301140074920574,9.88,9.35,6.8525285018730155,3,7.349885992507943
Zurich,6.27,10.0,9.94,0.0,6.5525,1,10.0
Kuwait,6.05,9.937619137795632,9.98,,8.655873045931878,1,3.9300000000000006
Guadalajara,6.86,9.90091667072798,9.8,,8.85363889024266,1,3.04091667072798
Medina,6.87,10.0,0.0,,5.623333333333334,2,10.0
Melbourne,6.76,0.0,10.0,,5.586666666666666,0,10.0
Xuzhou Guanyin,6.75,3.077488644949546,0.0,,3.2758295483165156,2,6.75
Beijing,5.91,6.270890112579698,,,6.090445056289849,1,0.36089011257969794
Naples,6.04,0.0,9.82,1.21,4.2675,0,9.82
Skopje,6.8,0.0,9.59,0.0,4.0975,0,9.59
Ningbo Lishe,6.2,0.0946555759218226,10.0,9.64,6.483663893980456,3,9.905344424078178
Doha,5.05,0.0,9.97,,5.006666666666667,0,9.97
Batumi,6.83,0.0,0.0,,2.276666666666667,2,6.83
Daegu,6.13,8.336940756877883,10.0,,8.155646918959294,1,3.87
Aktio,6.05,0.0,0.0,,2.0166666666666666,2,6.05
Xian Xianyang,6.49,9.820119889565184,9.97,3.05,7.3325299723912964,1,6.920000000000001
Chattrapati Shivaji,5.05,0.0,9.67,,4.906666666666666,0,9.67
Sharm El Sheikh,6.78,0.0,9.93,7.96,6.1675,3,9.93
Bergamo,6.86,0.0,9.53,0.88,4.3175,0,9.53
Fukuoka,6.51,9.463165452712053,9.94,,8.637721817570684,1,3.4299999999999997
Madrid Barajas,6.83,0.0,9.96,1.27,4.515,0,9.96
Munich,6.35,0.0,10.0,10.0,6.5875,3,10.0
Bodrum Airport,6.75,9.614513125115275,9.54,1.4,6.826128281278818,1,8.214513125115275
Geneva,6.41,10.0,9.97,,8.793333333333335,1,3.59
Hyderabad,5.18,0.0,9.33,,4.836666666666667,0,9.33
Sofia,6.75,0.0,9.39,10.0,6.535,3,10.0
Suleymania Airport,6.81,0.0,9.52,,5.4433333333333325,0,9.52
Sao Paulo - Guarulhos,6.85,9.997073720896704,9.89,8.6,8.834268430224176,3,3.147073720896705
Manama,6.74,5.513025756141752,7.98,,6.744341918713918,1,2.4669742438582487
Chubu,6.58,8.980981121470355,9.95,,8.503660373823452,1,3.369999999999999
Viracopos,6.85,9.99811370594323,9.57,,8.806037901981076,1,3.1481137059432296
Stuttgart,6.88,0.0,9.98,0.02,4.22,0,9.98
Amman,6.02,9.999999999999996,9.96,,8.659999999999998,1,3.979999999999997
Port Louis,5.24,0.0,9.82,,5.0200000000000005,0,9.82
Abu Dhabi,5.75,9.624509661011391,7.52,0.23,5.781127415252848,1,9.39450966101139
Salalah,6.73,0.0,10.0,,5.576666666666667,0,10.0
Sendai,4.89,0.0,0.0,,1.63,2,4.89
Shanghai Pudong,5.93,3.569618897847564,9.99,7.51,6.74990472446189,3,6.420381102152437
Tel-Aviv,5.42,0.0,9.91,,5.11,0,9.91
Aqaba,6.86,10.0,0.0,,5.62,2,10.0
Cancun,6.84,9.858803368436806,9.79,6.6,8.272200842109202,1,3.2588033684368067
Doncaster,7.32,,0.0,,3.66,2,7.32
Fes,6.51,9.997759779033991,9.93,,8.81258659301133,1,3.4877597790339916
La Romana,6.83,9.969498785535675,9.42,3.07,7.322374696383919,1,6.899498785535675
Adana Airport,6.87,9.159195623169555,9.88,0.1,6.50229890579239,1,9.780000000000001
Dalaman Airport,6.79,0.0,10.0,,5.596666666666667,0,10.0
Katima Mulilo,4.76,0.0,0.0,,1.5866666666666667,2,4.76
Qingdao Liuting,6.05,9.875638614121309,9.98,,8.635212871373769,1,3.9300000000000006
Port-au-Prince (Haiti),6.76,0.0,9.67,,5.476666666666667,0,9.67
Amritsar,4.87,0.0,9.63,,4.833333333333333,0,9.63
Sharjah,5.78,9.30495700017584,10.0,,8.361652333391946,1,4.22
Malaga,6.48,0.0,9.95,,5.476666666666667,0,9.95
Marsa Aalam,6.73,0.0,0.0,0.12,1.7125000000000001,2,6.73
Urumchi Diwobao,6.48,9.998428366126324,0.0,,5.492809455375441,2,9.998428366126324
Manas,6.15,0.0,3.05,,3.0666666666666664,2,6.15
Dar Es Salaam,6.5,10.0,9.95,,8.816666666666666,1,3.5
Almaty,5.0,0.0,9.37,,4.79,0,9.37
Punta Cana - Higuey,6.78,9.822873512533825,9.92,4.46,7.745718378133457,1,5.46
Frankfurt,6.82,0.0,9.95,10.0,6.6925,3,10.0
Yanji Zhaoyangchuan,6.54,0.0,10.0,,5.513333333333333,0,10.0
Ankara Airport,6.84,9.520905262573256,9.5,4.71,7.642726315643314,1,4.8109052625732565
Jomo Kenyatta,6.42,9.993496647525236,9.75,,8.721165549175078,1,3.5734966475252357
Oujda,6.55,9.998636898988895,9.93,0.47,6.737159224747224,1,9.528636898988895
Sevilla,6.44,0.0,9.84,,5.426666666666667,0,9.84
Phnom Penh,6.75,4.27526805025105,9.99,0.16,5.293817012562763,1,9.83
Rome Fiumicino,6.87,0.0,9.95,,5.6066666666666665,0,9.95
Shanghai Hongqiao,6.1,6.633158459977885,0.0,0.72,3.3632896149944713,2,6.633158459977885
St. Maarten Princess Juliana,5.76,0.0,0.0,,1.92,2,5.76
Trabzon Airport,6.84,5.385317051936381,8.87,10.0,7.773829262984095,3,4.614682948063619
Almeria,6.36,0.0,9.97,0.51,4.210000000000001,0,9.97
Monastir,6.39,9.992678311146388,4.1,,6.827559437048795,1,5.892678311146389
Puerto Vallarta,6.84,9.836285392949014,9.74,,8.805428464316337,1,2.996285392949014
Jinan Xiaoqiang,6.67,5.902590285782189,0.0,9.9,5.618147571445547,3,9.9
Mykonos,5.53,0.0,9.58,3.5,4.6525,0,9.58
Lublin,6.82,0.0,0.0,,2.2733333333333334,2,6.82
Florence,6.86,0.0,9.58,,5.48,0,9.58
Kunming Wujiaba,6.16,9.994041871579237,9.99,3.84,7.49601046789481,1,6.154041871579237
Puerto Plata,6.82,9.110832688288363,9.86,1.72,6.87770817207209,1,8.139999999999999
Bangalore,6.18,10.0,9.79,,8.656666666666666,1,3.8200000000000003
Seoul,5.74,8.5405266339764,10.0,4.72,7.2501316584941,1,5.28
Macau,6.67,10.0,9.97,0.13,6.6925,1,9.87
Samsun Airport,6.84,9.04435424202746,9.9,10.0,8.946088560506865,3,3.16
Jerba,6.47,9.97918802071055,9.14,,8.52972934023685,1,3.5091880207105506
Humberside,6.67,0.0,0.0,,2.223333333333333,2,6.67
Aberdeen,6.44,0.0,9.97,0.66,4.2675,0,9.97
Astana,6.75,0.0,0.0,,2.25,2,6.75
Kingston,6.67,0.0,9.07,,5.246666666666667,0,9.07
Xiamen Gaoqi,6.11,9.953257374628684,9.98,,8.681085791542895,1,3.87
Cairo,6.79,9.999999999999998,,9.68,8.823333333333332,3,3.209999999999998
Guayaquil,5.23,10.0,9.3,,8.176666666666668,1,4.77
Toulouse,6.86,9.999999999999998,9.71,,8.856666666666667,1,3.139999999999998
Moscow - Vnukovo,6.74,0.0,9.99,1.87,4.65,0,9.99
Heraklion Airport,6.75,10.0,9.6,1.6,6.987500000000001,1,8.4
Malmo,6.32,0.0,9.82,,5.38,0,9.82
Changchun Longjia,5.96,10.0,9.21,8.91,8.52,3,4.04
Al Hoceima,6.67,,0.0,0.61,2.4266666666666667,2,6.67
Milan - Linate,6.88,0.0,9.61,1.75,4.56,0,9.61
Indira Gandhi,5.25,0.0,9.3,,4.8500000000000005,0,9.3
Hiroshima,4.89,0.0,0.0,,1.63,2,4.89
Lille,6.9,0.0,10.0,0.05,4.2375,0,10.0
Exeter,6.72,0.0,9.14,,5.286666666666666,0,9.14
Belgrade,6.83,0.0,9.9,,5.576666666666667,0,9.9
Managua,6.87,9.45522014164297,9.78,0.12,6.556305035410742,1,9.66
Vaxjo,4.67,0.0,0.0,,1.5566666666666666,2,4.67
Amsterdam - Schiphol,6.79,0.0,10.0,0.0,4.1975,0,10.0
Szczecin,6.89,0.0,9.9,,5.596666666666667,0,9.9
Accra,6.83,9.998051094576688,9.59,,8.806017031525561,1,3.168051094576688
Douala,7.0,0.0,10.0,,5.666666666666667,0,10.0
Barcelona,6.54,0.0,9.96,,5.5,0,9.96
Johannesburg,6.82,10.0,9.99,,8.936666666666667,1,3.1799999999999997
Newcastle,6.47,0.0,9.87,4.87,5.3025,0,9.87
Ibaraki,4.44,0.0,0.0,,1.4800000000000002,2,4.44
Yantai Penglai,6.03,9.972627549374344,9.97,,8.657542516458115,1,3.942627549374344
Lima,6.77,9.991862889279195,9.73,1.27,6.940465722319798,1,8.721862889279196
London Southend Airport,6.74,0.0,9.86,,5.533333333333334,0,9.86
Rabat,6.53,9.99948396923731,9.86,0.03,6.604870992309328,1,9.969483969237311
Guangzhou Baiyun,6.09,9.74763175206672,9.99,8.31,8.534407938016681,3,3.9000000000000004
Antalya Gazipasa Airport,6.83,9.2301984129937,9.64,,8.566732804331233,1,2.8100000000000005
Cozumel,6.87,9.9990011315203,9.61,,8.826333710506766,1,3.1290011315203
Danang,6.67,0.0,9.99,,5.553333333333334,0,9.99
Berlin Brandenburg,6.82,0.0,9.98,,5.6000000000000005,0,9.98
Tbilisi,6.83,0.0,10.0,,5.609999999999999,0,10.0
Monterrey,6.84,10.0,8.81,,8.549999999999999,1,3.16
Leeds Bradford,6.23,0.0,9.9,3.21,4.835000000000001,0,9.9
Bergen,6.81,0.0,9.83,0.55,4.2975,0,9.83
Naha,4.94,0.0,9.91,,4.95,0,9.91
Katowice,5.0,0.0,9.79,,4.93,0,9.79
Harbin Taiping,6.75,0.0,0.0,,2.25,2,6.75
Baku,4.94,0.0,9.4,,4.78,0,9.4
Zaporizhya,8.04,,0.0,,4.02,2,8.04
Paramaribo,6.79,0.0,9.33,,5.373333333333334,0,9.33
Murcia,6.75,0.0,0.0,2.63,2.3449999999999998,2,6.75
Kayseri Airport,6.84,10.0,9.99,,8.943333333333333,1,3.16
Santiago Cibao,6.79,2.386470660796951,9.5,0.15,4.7066176651992375,0,9.35
Treviso,5.69,0.0,8.53,7.12,5.335,3,8.53
Hangzhou Xiaoshan,6.09,2.415230638693508,9.99,9.71,7.051307659673377,3,7.574769361306492
Montego Bay,6.73,9.611246344354116,9.79,0.05,6.54531158608853,1,9.739999999999998
Cayenne,6.45,10.0,,,8.225,1,3.55
Dalian Zhoushuizi,6.75,9.944036592764622,0.0,7.51,6.051009148191156,2,9.944036592764622
Rio de Janeiro,6.82,10.0,9.87,9.0,8.9225,3,3.1799999999999997
Mudanjiang Hailang,6.71,8.446070841184465,0.0,,5.052023613728156,2,8.446070841184465
Gerona,6.44,0.0,9.91,5.82,5.5425,0,9.91
Shannon,5.0,0.0,10.0,,5.0,0,10.0
Chongqing Jiangbei,5.99,9.90830508890132,9.99,9.71,8.89957627222533,3,4.0
Los Cabos,6.83,9.93263681903063,9.78,,8.847545606343544,1,3.1026368190306304
Aswan,6.79,0.0,9.89,8.53,6.3025,3,9.89
Florianopolis,6.79,10.0,9.02,4.51,7.58,1,5.49
Cukurova Airport,6.86,9.0839799492253,0.0,,5.3146599830751,2,9.0839799492253
Rostov Don,7.81,,0.0,,3.905,2,7.81
Piarco,6.67,,9.98,0.0,5.55,0,9.98
Fortaleza,6.87,10.0,9.56,0.0,6.6075,1,10.0
Glasgow,6.48,0.0,9.9,0.91,4.322500000000001,0,9.9
Bristol,6.47,0.0,9.66,,5.376666666666666,0,9.66
Nice,6.77,10.0,9.99,,8.92,1,3.2300000000000004
Yinchuan Hedong,6.52,7.01408010858033,0.0,0.07,3.4010200271450826,2,7.01408010858033
Salvador,6.84,10.0,8.56,0.0,6.35,1,10.0
Ulaanbaatar,6.67,0.0,9.71,,5.460000000000001,0,9.71
Bariloche,5.0,0.0,0.0,,1.6666666666666667,2,5.0
Santiago Arturo Merino Benitez,6.67,10.0,9.85,,8.840000000000002,1,3.33
Krakow Balice,6.79,0.0,9.94,8.04,6.1925,3,9.94
Singapore - Changi,6.83,0.0,9.99,6.3,5.78,0,9.99
Addis Ababa,6.81,9.997484903189289,9.59,1.92,7.079371225797322,1,8.077484903189289
Oslo,6.78,0.0,9.78,,5.52,0,9.78
Pointe-a-Pitre,6.35,10.0,9.99,4.98,7.830000000000001,1,5.02
Porto,6.89,0.0,9.99,0.01,4.2225,0,9.99
Bujumbura,5.0,0.0,9.58,0.66,3.81,0,9.58
Phu Quok,6.87,0.0,9.92,,5.596666666666667,0,9.92
Marseille,6.76,10.0,9.99,0.24,6.7475,1,9.76
Shandong,6.85,,,,6.85,0,0.0
Grenoble,6.35,10.0,0.0,,5.45,2,10.0
Brasilia,6.81,9.999924497984525,9.36,1.87,7.009981124496131,1,8.129924497984526
Porto Alegre,6.85,10.0,9.56,1.21,6.905000000000001,1,8.79
Nanning Wuxu,6.7,9.375967349051194,0.0,5.01,5.271491837262799,2,9.375967349051194
Bydgoszcz,5.17,0.0,9.79,,4.986666666666666,0,9.79
Abidjan,6.56,10.0,9.74,,8.766666666666666,1,3.4400000000000004
Corfu,5.59,10.0,9.36,6.1,7.762499999999999,1,4.41
Moscow - Domodedovo,6.76,0.0,9.98,9.93,6.6675,3,9.98
Chania,5.86,0.0,9.57,8.85,6.07,3,9.57
Marka,6.89,0.0,0.0,,2.2966666666666664,2,6.89
Praia,6.85,10.0,9.59,5.47,7.9775,1,4.53
Recife,6.86,9.993827488258754,9.36,4.83,7.760956872064689,1,5.163827488258754
Wuhan Tianhe,6.07,7.36728560827231,9.99,9.73,8.289321402068078,3,3.92
Juba,6.9,0.0,,,3.45,0,6.9
Cardiff,6.43,0.0,9.89,3.13,4.8625,0,9.89
Ostrava,6.83,0.0,0.0,0.05,1.72,2,6.83
London Gatwick,6.58,0.0,9.93,,5.503333333333333,0,9.93
Denizli Cardak Airport,6.85,9.342410201852896,9.45,0.06,6.425602550463223,1,9.389999999999999
Panama Tocumen,6.79,9.963692734468804,9.67,9.66,9.0209231836172,3,3.173692734468804
Basel,6.35,10.0,9.99,1.31,6.9125000000000005,1,8.69
Tokyo - Haneda,5.05,0.0,10.0,,5.016666666666667,0,10.0
Milan - Malpensa,6.82,0.0,9.73,10.0,6.6375,3,10.0
Moscow - Sheremetyevo,6.8,0.0,9.51,,5.4366666666666665,0,9.51
London Luton,6.46,0.0,9.95,,5.47,0,9.95
London Stansted,6.57,0.0,9.92,,5.496666666666667,0,9.92
Natal,6.84,10.0,9.92,0.11,6.717499999999999,1,9.89
Rhodes,5.6,10.0,9.53,,8.376666666666667,1,4.4
Lodz,6.83,0.0,9.94,,5.59,0,9.94
Olsztyn,6.84,0.0,0.0,,2.28,2,6.84
Guatemala City,6.89,5.116465043005254,9.49,0.03,5.381616260751313,1,9.46
Perth,6.71,9.999999999999998,9.99,,8.899999999999999,1,3.2899999999999983
San Salvador Comalapa,6.84,9.803306198775733,9.52,0.02,6.545826549693933,1,9.783306198775733
Durban,6.74,10.0,9.99,3.13,7.465000000000001,1,6.87
Yerevan,6.67,0.0,9.95,0.9,4.379999999999999,0,9.95
Tunis,6.4,9.99054256700627,9.36,0.28,6.507635641751568,1,9.710542567006271
Alicante,6.32,0.0,9.93,,5.416666666666667,0,9.93
Antigua,6.79,0.0,0.0,,2.263333333333333,2,6.79
Tegucigalpa,9.0,,7.5,,8.25,0,1.5
Ohrid,6.83,0.0,0.0,0.17,1.75,2,6.83
Birmingham,6.38,0.0,9.93,5.82,5.5325,0,9.93
Rosario,6.9,0.0,9.92,,5.6066666666666665,0,9.92
Enfidha,6.85,9.993238406552752,5.38,10.0,8.055809601638188,3,4.62
Basseterre (Saint Kitts),6.79,9.938044863528374,9.68,,8.802681621176125,1,3.1480448635283738
Krasnodar,7.47,,0.0,,3.735,2,7.47
Johor Bahru,6.13,7.83551210042228,0.0,10.0,5.99137802510557,3,10.0
Cordoba,6.89,0.0,10.0,,5.63,0,10.0
Palermo,6.86,0.0,0.0,,2.2866666666666666,2,6.86
Cheongju,6.08,9.898377443336164,0.0,2.56,4.634594360834041,2,9.898377443336164
Cali,6.8,8.857973444182221,9.56,0.5,6.429493361045555,1,9.06
Mahon Airport,6.26,0.0,9.98,5.7,5.485,0,9.98
Copenhagen,6.83,0.0,10.0,0.0,4.2075,0,10.0
Salzburg,6.78,0.0,9.99,3.64,5.1025,0,9.99
London City,6.8,0.0,9.95,0.61,4.34,0,9.95
Liverpool,6.47,0.0,9.89,,5.453333333333333,0,9.89
Duesseldorf,6.8,0.0,9.57,,5.456666666666667,0,9.57
Cape Town,6.9,10.0,9.98,0.28,6.79,1,9.72
PRISTINA,6.93,0.0,9.93,10.0,6.715,3,10.0
Fuerteventura,6.76,0.0,9.95,4.83,5.385,0,9.95
Kazan,8.75,,10.0,,9.375,0,1.25
Sardar Vallabh Bhai Patel,4.87,0.0,9.63,,4.833333333333333,0,9.63
Mangalore,4.87,0.0,9.64,10.0,6.1275,3,10.0
Zia,4.93,0.0,9.63,,4.8533333333333335,0,9.63
Espargos,6.5,9.999926747817096,8.58,2.26,6.834981686954274,1,7.739926747817096
Ekaterinburg,6.79,0.0,9.21,9.28,6.32,3,9.28
Novosibirsk,6.83,0.0,9.96,,5.596666666666667,0,9.96
Strasbourg,6.92,0.0,9.73,10.0,6.6625,3,10.0
Kota Kinabalu,6.67,3.3722230711813603,1.58,,3.874074357060454,2,5.09
Nanchang Changbei,6.62,10.0,0.0,7.44,6.015000000000001,2,10.0
Muscat,6.78,0.0,9.16,1.92,4.465,0,9.16
Beirut - Rafik Hariri,6.77,0.0,9.81,,5.526666666666666,0,9.81
Elblag,5.0,0.0,0.0,,1.6666666666666667,2,5.0
Sanya Fenghuang,6.71,0.0,0.0,,2.236666666666667,2,6.71
Southampton,6.71,0.0,9.93,,5.546666666666667,0,9.93
Cochin,6.67,0.0,9.68,,5.45,0,9.68
Stavanger,6.78,0.0,9.91,,5.5633333333333335,0,9.91
Santiago De Compostela,6.79,0.0,9.65,3.21,4.9125000000000005,0,9.65
Billund,6.67,0.0,10.0,,5.5566666666666675,0,10.0
Belize City,5.38,0.0,8.9,,4.760000000000001,0,8.9
Curacao,6.75,0.0,9.5,,5.416666666666667,0,9.5
Bourgas,6.2,0.0,9.77,0.02,3.9974999999999996,0,9.77
Oita,7.22,0.0,0.0,,2.4066666666666667,2,7.22
Poznan-Lawica,4.81,0.0,9.94,,4.916666666666667,0,9.94
Bordeaux,6.5,10.0,9.99,4.9,7.8475,1,5.1
Kutahya Airport,6.95,10.0,0.0,,5.6499999999999995,2,10.0
Charleroi,6.67,0.0,9.87,,5.513333333333333,0,9.87
St. George's Point Saline,6.81,9.999387335348398,9.84,1.01,6.9148468338371,1,8.989387335348399
Alexandria,6.76,0.0,0.0,,2.2533333333333334,2,6.76
Fort-de-France,6.15,10.0,9.98,5.56,7.922499999999999,1,4.44
Miyazaki,6.67,0.0,0.0,,2.223333333333333,2,6.67
Haiphong,8.33,0.0,0.0,,2.776666666666667,2,8.33
Asyut,5.33,0.0,9.91,,5.08,0,9.91
Aomori,4.44,0.0,0.0,,1.4800000000000002,2,4.44
Aalborg,6.67,0.0,9.86,,5.510000000000001,0,9.86
Varna,6.76,0.0,9.82,,5.526666666666666,0,9.82
Christchurch,4.44,0.0,0.0,,1.4800000000000002,2,4.44
Asturias,6.97,0.0,9.86,,5.609999999999999,0,9.86
St. Petersburg Pulkovo,6.75,0.0,10.0,0.0,4.1875,0,10.0
Pengsheng,5.0,0.0,0.0,,1.6666666666666667,2,5.0
Krasnoyarsk,6.88,0.0,9.93,10.0,6.7025,3,10.0
Paris Orly,6.76,9.999999999999996,9.99,,8.916666666666666,1,3.2399999999999967
Bremen,6.77,0.0,9.71,,5.493333333333333,0,9.71
Yangyang,6.67,10.0,0.0,,5.5566666666666675,2,10.0
East Midlands,6.15,0.0,9.84,4.71,5.175,0,9.84
Sochi,6.75,0.0,9.95,5.55,5.5625,0,9.95
Dresden,7.14,0.0,0.0,,2.38,2,7.14
Nador,6.86,9.98996676167996,9.79,0.05,6.6724916904199905,1,9.93996676167996
Muan,6.56,10.0,0.0,,5.52,2,10.0
Vientiane,5.93,0.0,9.87,,5.266666666666667,0,9.87
Glasgow Prestwick,6.36,0.0,9.96,10.0,6.58,3,10.0
Tirana,6.19,0.0,8.12,0.33,3.6599999999999997,0,8.12
Kaohsiung,5.89,9.967393876535423,9.97,6.83,8.164348469133856,1,4.080000000000001
Graz,6.79,0.0,9.99,,5.593333333333334,0,9.99
Rzeszow,5.0,0.0,9.79,,4.93,0,9.79
Jaipur,4.87,0.0,9.63,,4.833333333333333,0,9.63
Cologne,6.91,0.0,0.0,,2.3033333333333332,2,6.91
Mazatlan,6.85,9.321659754636126,9.79,,8.653886584878707,1,2.9399999999999995
Minsk,6.79,0.0,9.99,,5.593333333333334,0,9.99
Goa,4.87,0.0,9.63,7.72,5.555,3,9.63
Santander,6.92,0.0,9.87,0.05,4.21,0,9.87
Palma De Mallorca,6.48,0.0,9.93,,5.47,0,9.93
Trichy,4.87,0.0,9.63,,4.833333333333333,0,9.63
Netaji Subhash Chandra Bose Int. Airport,4.87,0.0,9.63,,4.833333333333333,0,9.63
Jieyang Chaoshan,6.71,,0.0,,3.355,2,6.71
Penang,6.67,10.0,7.05,,7.906666666666667,1,3.33
Everrich Downtown Kinmen,5.89,9.96434819317729,0.0,1.08,4.233587048294323,2,9.96434819317729
Ciampino Airport,5.83,0.0,9.87,,5.233333333333333,0,9.87
Roland Garros,6.67,10.0,10.0,3.39,7.515000000000001,1,6.609999999999999
A Coruna,6.92,0.0,9.93,,5.616666666666667,0,9.93
Montpellier,6.88,0.0,9.97,,5.616666666666667,0,9.97
Stockholm Arlanda,6.92,0.0,9.95,,5.623333333333332,0,9.95
Niamey,5.0,0.0,10.0,,5.0,0,10.0
Tarbes - Lourdes,6.67,9.999999999999998,0.0,10.0,6.6674999999999995,3,10.0
Karipur,4.87,0.0,9.63,,4.833333333333333,0,9.63
Kutaisi,6.78,0.0,7.74,0.0,3.63,0,7.74
Samarkand,10.0,,0.0,,5.0,2,10.0
Luxor,6.79,0.0,9.94,4.89,5.405,0,9.94
Sydney,6.67,0.0,9.95,,5.539999999999999,0,9.95
Rotterdam,6.92,0.0,9.73,0.0,4.1625,0,9.73
Hamburg,6.82,0.0,9.98,,5.6000000000000005,0,9.98
Beauvais,6.53,0.0,9.98,,5.503333333333334,0,9.98
Acapulco,8.48,,9.47,,8.975000000000001,0,0.9900000000000002
Min Vody,6.75,0.0,9.97,3.73,5.1125,0,9.97
Siem Reap,7.16,,10.0,,8.58,0,2.84
Queretaro,7.14,0.0,9.0,9.99,6.532500000000001,3,9.99
Kos,6.72,0.0,,0.05,2.2566666666666664,0,6.72
Shenzhen Bao'an,7.19,,,,7.19,0,0.0
Pula,8.89,,10.0,,9.445,0,1.1099999999999994
Kyiv,7.5,,7.5,,7.5,0,0.0
Sandefjord-Torp,6.05,0.0,8.42,,4.823333333333333,0,8.42
Kristiansand,7.6,,9.99,,8.795,0,2.3900000000000006
Lisbon,6.86,0.0,9.98,,5.613333333333333,0,9.98
Vilnius,6.94,0.0,9.82,,5.586666666666667,0,9.82
Soekarno Hatta,6.85,9.999999999999998,7.12,0.13,6.0249999999999995,1,9.869999999999997
Venice,6.78,0.0,9.91,0.46,4.2875000000000005,0,9.91
La Palma,5.96,0.0,9.59,0.46,4.0025,0,9.59
Torino,5.78,0.0,8.5,10.0,6.07,3,10.0
Kilimanjaro,6.75,0.0,9.91,,5.553333333333334,0,9.91
Fuzhou Changle,6.02,10.0,9.91,10.0,8.9825,3,3.9800000000000004
Volgograd,6.88,0.0,9.93,,5.603333333333333,0,9.93
Lusaka,6.92,0.0,9.5,10.0,6.605,3,10.0
Conakry,9.17,,9.88,,9.525,0,0.7100000000000009
Sihanoukville,6.72,10.0,9.3,9.98,9.0,3,3.2800000000000002
Sfax,6.12,10.0,9.88,8.11,8.5275,3,3.88
Taiyuan Wusu,6.71,10.0,0.0,9.04,6.4375,3,10.0
Odessa,7.62,,0.0,,3.81,2,7.62
Makhachkala,6.94,0.0,0.0,,2.3133333333333335,2,6.94
Banja Luka,6.67,0.0,0.0,,2.223333333333333,2,6.67
Chambery,6.86,0.0,0.0,,2.2866666666666666,2,6.86
Helsinki-Vantaa,7.04,0.0,9.92,,5.653333333333333,0,9.92
Rabil,6.09,9.999999999999996,9.31,5.47,7.717499999999999,1,4.529999999999997
Kinshasa,6.92,0.0,7.45,,4.79,0,7.45
Moi,8.89,,9.48,,9.185,0,0.5899999999999999
Quito,6.86,9.734068433799411,9.19,1.12,6.726017108449853,1,8.61406843379941
Tozeur,6.36,10.0,0.0,,5.453333333333333,2,10.0
Mendoza,6.85,0.0,10.0,,5.616666666666667,0,10.0
Faroe Islands,6.67,0.0,0.0,,2.223333333333333,2,6.67
Bandaranaike,5.1,0.0,9.79,10.0,6.2225,3,10.0
Riga,6.9,0.0,9.89,,5.596666666666667,0,9.89
Khabarovsk,7.67,,9.5,,8.585,0,1.83
Norwich,6.82,0.0,9.92,,5.580000000000001,0,9.92
Togo,5.83,0.0,7.46,,4.43,0,7.46
Dortmund,6.77,0.0,9.93,0.0,4.175,0,9.93
Ras El Khaymah,6.8,0.0,10.0,,5.6000000000000005,0,10.0
Nantes,6.6,10.0,9.96,1.4,6.99,1,8.6
Kralendijk (Bonaire),6.79,0.0,9.54,,5.4433333333333325,0,9.54
Chisinau,7.76,,9.99,,8.875,0,2.2300000000000004
La Paz Manuel Marquez de Leon,6.84,0.0,0.0,1.95,2.1975,2,6.84
Jerez De La Frontera,6.91,0.0,9.98,0.66,4.3875,0,9.98
Buenos Aires Aeroparque,6.91,0.0,9.98,,5.63,0,9.98
Trondheim,6.79,0.0,9.65,,5.48,0,9.65
Lucknow,4.87,0.0,9.63,,4.833333333333333,0,9.63
Vienna,6.77,0.0,10.0,,5.59,0,10.0
Santa Cruz Viru Viru,10.0,,10.0,,10.0,0,0.0
Kyiv - Zhulyany,7.72,,0.0,,3.86,2,7.72
Beira,8.75,,0.0,,4.375,2,8.75
Nouakchott,6.9,0.0,9.98,,5.626666666666668,0,9.98
Samos,6.76,0.0,7.64,,4.8,0,7.64
Kharkiv,7.78,,0.0,,3.89,2,7.78
London Heathrow,6.55,0.0,9.89,7.12,5.890000000000001,0,9.89
Skiathos,6.67,0.0,0.0,,2.223333333333333,2,6.67
Jersey,6.67,0.0,9.99,2.31,4.7425,0,9.99
Umea,7.08,0.0,0.0,,2.36,2,7.08
Lviv,7.36,,0.0,,3.68,2,7.36
Providenciales (Turks and Caicos),7.5,,0.0,,3.75,2,7.5
Belgorod,7.78,,0.0,,3.89,2,7.78
Basrah,6.81,0.0,9.47,,5.426666666666667,0,9.47
Yancheng Nanyang,6.73,0.0,0.0,,2.2433333333333336,2,6.73
Karpathos,5.76,0.0,0.0,,1.92,2,5.76
Verona,6.83,0.0,9.6,,5.476666666666667,0,9.6
Eskisehir Airport,6.87,8.938868357172069,0.0,,5.269622785724024,2,8.938868357172069
Voronezh,7.85,,0.0,,3.925,2,7.85
Samara,6.67,0.0,9.97,,5.546666666666667,0,9.97
Buenos Aires - Ezeiza,6.84,0.0,10.0,0.0,4.21,0,10.0
Aarhus,6.67,0.0,,,3.335,0,6.67
Sierra Leone,5.42,0.0,0.0,10.0,3.855,3,10.0
Bari,5.78,0.0,8.5,,4.760000000000001,0,8.5
Edinburgh,6.47,0.0,9.79,0.56,4.204999999999999,0,9.79
Eindhoven,6.88,0.0,9.71,,5.53,0,9.71
Abuja,6.28,9.999999999999998,9.79,3.05,7.279999999999999,1,6.949999999999998
Astrakhan,6.9,0.0,10.0,,5.633333333333333,0,10.0
Anna,4.87,0.0,9.63,,4.833333333333333,0,9.63
Baghdad,6.78,0.0,9.59,,5.456666666666667,0,9.59
Dublin,5.83,0.0,9.49,10.0,6.33,3,10.0
Nis,6.53,0.0,0.0,,2.1766666666666667,2,6.53
Cam Ranh,6.22,0.0,9.41,10.0,6.4075,3,10.0
Brisbane,6.67,0.0,9.88,,5.516666666666667,0,9.88
Luanda,6.9,0.0,3.96,,3.6199999999999997,2,6.9
Madeira,6.67,0.0,0.0,0.8,1.8675,2,6.67
Bilbao,6.84,0.0,9.68,2.31,4.7075,0,9.68
Kuala Lumpur,6.52,9.165350911491956,8.48,,8.055116970497318,1,2.6453509114919562
Erfurt,10.0,,0.0,,5.0,2,10.0
Granada,5.76,0.0,10.0,4.22,4.995,0,10.0
Warsaw-Modlin,6.92,0.0,9.78,,5.566666666666666,0,9.78
Sarajevo,4.91,0.0,9.31,,4.74,0,9.31
Wroclaw,5.17,0.0,9.79,,4.986666666666666,0,9.79
Zanzibar,5.44,0.0,5.3,,3.58,0,5.44
Okayama,6.44,9.93444221175235,0.0,,5.45814740391745,2,9.93444221175235
Bamako,6.89,0.0,9.93,,5.6066666666666665,0,9.93
Tashkent,5.6,0.0,9.85,4.46,4.9775,0,9.85
Liberia,5.24,0.0,10.0,,5.08,0,10.0
Cork,5.67,0.0,9.78,10.0,6.3625,3,10.0
Lubumbashi,7.14,0.0,9.5,,5.546666666666667,0,9.5
Ramon,10.0,,0.0,,5.0,2,10.0
Kavala,5.52,0.0,0.0,7.13,3.1624999999999996,2,7.13
Munster-Osnabruck,4.9,0.0,9.95,,4.95,0,9.95
Radom,5.56,0.0,9.88,,5.146666666666667,0,9.88
Brussels,6.67,0.0,9.89,1.95,4.6275,0,9.89
Memmingen,10.0,,9.0,,9.5,0,1.0
Entebbe,4.8,0.0,9.58,9.99,6.092499999999999,3,9.99
Bridgetown,6.76,0.0,9.06,,5.273333333333333,0,9.06
Maputo,9.17,,10.0,,9.585,0,0.8300000000000001
Mitilini,6.77,0.0,7.89,,4.886666666666667,0,7.89
Shymkent,7.92,,9.93,,8.925,0,2.01
Guernsey,5.56,0.0,10.0,,5.1866666666666665,0,10.0
Ufa,7.62,,9.99,,8.805,0,2.37
Alesund,8.97,,10.0,,9.485,0,1.0299999999999994
Hrabrovo,7.62,,10.0,,8.81,0,2.38
Vladivostok,9.67,,9.5,,9.585,0,0.16999999999999993
Coolangatta,8.33,,9.0,,8.665,0,0.6699999999999999
Tuzla,4.91,0.0,0.0,,1.6366666666666667,2,4.91
Yangon,5.77,0.0,0.0,,1.9233333333333331,2,5.77
Tulear,6.97,0.0,0.0,,2.3233333333333333,2,6.97
Ioannina,6.98,0.0,0.0,10.0,4.245,3,10.0
Paderborn,6.82,0.0,9.96,,5.593333333333334,0,9.96
Hatay Airport,9.52,,0.0,,4.76,2,9.52
Nairobi,6.67,0.0,0.0,,2.223333333333333,2,6.67
Bangui,8.33,0.0,0.0,,2.776666666666667,2,8.33
Yingsheng,10.0,,,,10.0,0,0.0
San Jose,5.24,0.0,10.0,,5.08,0,10.0
San Jose,5.24,0.0,10.0,,5.08,0,10.0
Djibouti,5.0,0.0,10.0,,5.0,0,10.0
Nanjing Lukou,5.42,5.515333432355289,0.0,,3.6451111441184296,2,5.515333432355289
Pamandzi,4.85,0.0,10.0,,4.95,0,10.0
Hebei,5.15,0.0,,,2.575,0,5.15
Takamatsu,5.0,0.0,8.36,,4.453333333333333,0,8.36
Budapest,8.33,,10.0,,9.165,0,1.67
Queenstown,4.44,0.0,9.0,,4.48,0,9.0
Quanzhou,6.25,0.0,,,3.125,0,6.25
Nykoping,6.67,0.0,10.0,,5.5566666666666675,0,10.0
Orebro,7.78,0.0,0.0,,2.5933333333333333,2,7.78
Zagreb,6.11,0.0,7.14,,4.416666666666667,0,7.14
Lulea,7.33,0.0,9.5,,5.609999999999999,0,9.5
Karlsruhe Baden-Baden,10.0,,10.0,,10.0,0,0.0
Dushanbe,7.86,,9.96,,8.91,0,2.1000000000000005
Windhoek,6.67,0.0,8.48,,5.05,0,8.48
Kaunas,6.94,0.0,9.82,0.0,4.19,0,9.82
Genoa,5.76,0.0,9.55,,5.1033333333333335,0,9.55
Vigo,6.86,0.0,0.0,,2.2866666666666666,2,6.86
Guiyang Longdongbao,7.78,0.0,0.0,,2.5933333333333333,2,7.78
Wellington,8.57,,9.5,,9.035,0,0.9299999999999997
Iwate,6.67,0.0,0.0,,2.223333333333333,2,6.67
Bologna,5.78,0.0,8.5,,4.760000000000001,0,8.5
Kigali,4.89,0.0,9.78,1.72,4.097499999999999,0,9.78
Auckland,4.44,0.0,9.29,,4.576666666666667,0,9.29
Mandalay,5.42,0.0,0.0,,1.8066666666666666,2,5.42
Brno,4.44,0.0,9.88,,4.773333333333333,0,9.88
Podgorica,5.56,0.0,10.0,,5.1866666666666665,0,10.0
Shizuoka,5.83,0.0,0.0,,1.9433333333333334,2,5.83
Harare,10.0,,10.0,,10.0,0,0.0
Gothenburg,6.67,,0.0,,3.335,2,6.67
Zadar,8.89,,10.0,,9.445,0,1.1099999999999994
Mombasa,9.0,,,,9.0,0,0.0
Dnipropetrovsk,8.0,,0.0,,4.0,2,8.0
La Paz El Alto,10.0,,10.0,,10.0,0,0.0
Yaounde,8.15,,0.0,,4.075,2,8.15
Kagoshima,5.71,0.0,0.0,,1.9033333333333333,2,5.71
Gibraltar,5.33,0.0,9.67,,5.0,0,9.67
Dubrovnik,7.78,0.0,10.0,,5.926666666666667,0,10.0
Gaborone,7.78,0.0,7.5,0.0,3.8200000000000003,0,7.78
Montevideo,6.67,0.0,10.0,,5.5566666666666675,0,10.0
Manila - Ninoy Aquino,6.92,0.0,9.89,,5.603333333333334,0,9.89
Split,7.78,0.0,10.0,,5.926666666666667,0,10.0
Aktau,10.0,,10.0,,10.0,0,0.0
Kalibo,7.78,0.0,0.0,,2.5933333333333333,2,7.78
Cairns,7.08,0.0,0.0,,2.36,2,7.08
Adelaide,6.19,0.0,0.0,,2.0633333333333335,2,6.19
Punta del Este,3.33,0.0,0.0,,1.11,2,3.33
Fukushima,6.67,0.0,0.0,,2.223333333333333,2,6.67
Mactan,6.67,,10.0,,8.335,0,3.33
Islamabad,3.33,,0.0,,1.665,2,3.33
Zhukovsky,,0.0,,,0.0,0,0.0
Daegu (downtown),,9.733431333086468,,,9.733431333086468,1,0.0
Cartagena de Indias,,0.0,,,0.0,0,0.0
Busan - Kimhae (downtown),,2.6408985366861466,,,2.6408985366861466,0,0.0
Huatulco,,0.0,,,0.0,0,0.0
Iloilo,,0.0,,,0.0,0,0.0
Seoul (downtown),,0.3496579551187394,,,0.3496579551187394,0,0.0
Tokyo - Shinjuku,,0.0,,,0.0,0,0.0
Jeju (downtown),,0.1184666169581744,,,0.1184666169581744,0,0.0
Manila Downtown Shop,,0.0,,,0.0,0,0.0
Danang Downtown Shop,,0.0,,,0.0,0,0.0
Tirstrup,,,9.4,,9.4,0,0.0
Cayenne (REC),,,9.94,,9.94,0,0.0
Quanzhou Jinjiang,,,0.0,,0.0,2,0.0
Juba (inactive),,,8.74,,8.74,0,0.0
Beijing Daxing,,,9.99,,9.99,0,0.0
Shijiazhuang Zhengding,,,0.0,,0.0,2,0.0
